name,mobile
Aarav_1,9000000000
Vivaan_2,9000000001
Aditya_3,9000000002
Arjun_4,9000000003
Krishna_5,9000000004
Rohan_6,9000000005
Rahul_7,9000000006
Amit_8,9000000007
Ankit_9,9000000008
Ankur_10,9000000009
Priya_11,9000000010
Pooja_12,9000000011
Neha_13,9000000012
Sneha_14,9000000013
Anjali_15,9000000014
John_16,9000000015
Michael_17,9000000016
David_18,9000000017
Emma_19,9000000018
Olivia_20,9000000019
Wei_21,9000000020
Li_22,9000000021
Yuki_23,9000000022
Haruto_24,9000000023
Ahmed_25,9000000024
Omar_26,9000000025
Fatima_27,9000000026
Aisha_28,9000000027
Lucas_29,9000000028
Sophia_30,9000000029
Aarav_31,9000000030
Vivaan_32,9000000031
Aditya_33,9000000032
Arjun_34,9000000033
Krishna_35,9000000034
Rohan_36,9000000035
Rahul_37,9000000036
Amit_38,9000000037
Ankit_39,9000000038
Ankur_40,9000000039
Priya_41,9000000040
Pooja_42,9000000041
Neha_43,9000000042
Sneha_44,9000000043
Anjali_45,9000000044
John_46,9000000045
Michael_47,9000000046
David_48,9000000047
Emma_49,9000000048
Olivia_50,9000000049
Wei_51,9000000050
Li_52,9000000051
Yuki_53,9000000052
Haruto_54,9000000053
Ahmed_55,9000000054
Omar_56,9000000055
Fatima_57,9000000056
Aisha_58,9000000057
Lucas_59,9000000058
Sophia_60,9000000059
Aarav_61,9000000060
Vivaan_62,9000000061
Aditya_63,9000000062
Arjun_64,9000000063
Krishna_65,9000000064
Rohan_66,9000000065
Rahul_67,9000000066
Amit_68,9000000067
Ankit_69,9000000068
Ankur_70,9000000069
Priya_71,9000000070
Pooja_72,9000000071
Neha_73,9000000072
Sneha_74,9000000073
Anjali_75,9000000074
John_76,9000000075
Michael_77,9000000076
David_78,9000000077
Emma_79,9000000078
Olivia_80,9000000079
Wei_81,9000000080
Li_82,9000000081
Yuki_83,9000000082
Haruto_84,9000000083
Ahmed_85,9000000084
Omar_86,9000000085
Fatima_87,9000000086
Aisha_88,9000000087
Lucas_89,9000000088
Sophia_90,9000000089
Aarav_91,9000000090
Vivaan_92,9000000091
Aditya_93,9000000092
Arjun_94,9000000093
Krishna_95,9000000094
Rohan_96,9000000095
Rahul_97,9000000096
Amit_98,9000000097
Ankit_99,9000000098
Ankur_100,9000000099
Priya_101,9000000100
Pooja_102,9000000101
Neha_103,9000000102
Sneha_104,9000000103
Anjali_105,9000000104
John_106,9000000105
Michael_107,9000000106
David_108,9000000107
Emma_109,9000000108
Olivia_110,9000000109
Wei_111,9000000110
Li_112,9000000111
Yuki_113,9000000112
Haruto_114,9000000113
Ahmed_115,9000000114
Omar_116,9000000115
Fatima_117,9000000116
Aisha_118,9000000117
Lucas_119,9000000118
Sophia_120,9000000119
Aarav_121,9000000120
Vivaan_122,9000000121
Aditya_123,9000000122
Arjun_124,9000000123
Krishna_125,9000000124
Rohan_126,9000000125
Rahul_127,9000000126
Amit_128,9000000127
Ankit_129,9000000128
Ankur_130,9000000129
Priya_131,9000000130
Pooja_132,9000000131
Neha_133,9000000132
Sneha_134,9000000133
Anjali_135,9000000134
John_136,9000000135
Michael_137,9000000136
David_138,9000000137
Emma_139,9000000138
Olivia_140,9000000139
Wei_141,9000000140
Li_142,9000000141
Yuki_143,9000000142
Haruto_144,9000000143
Ahmed_145,9000000144
Omar_146,9000000145
Fatima_147,9000000146
Aisha_148,9000000147
Lucas_149,9000000148
Sophia_150,9000000149
Aarav_151,9000000150
Vivaan_152,9000000151
Aditya_153,9000000152
Arjun_154,9000000153
Krishna_155,9000000154
Rohan_156,9000000155
Rahul_157,9000000156
Amit_158,9000000157
Ankit_159,9000000158
Ankur_160,9000000159
Priya_161,9000000160
Pooja_162,9000000161
Neha_163,9000000162
Sneha_164,9000000163
Anjali_165,9000000164
John_166,9000000165
Michael_167,9000000166
David_168,9000000167
Emma_169,9000000168
Olivia_170,9000000169
Wei_171,9000000170
Li_172,9000000171
Yuki_173,9000000172
Haruto_174,9000000173
Ahmed_175,9000000174
Omar_176,9000000175
Fatima_177,9000000176
Aisha_178,9000000177
Lucas_179,9000000178
Sophia_180,9000000179
Aarav_181,9000000180
Vivaan_182,9000000181
Aditya_183,9000000182
Arjun_184,9000000183
Krishna_185,9000000184
Rohan_186,9000000185
Rahul_187,9000000186
Amit_188,9000000187
Ankit_189,9000000188
Ankur_190,9000000189
Priya_191,9000000190
Pooja_192,9000000191
Neha_193,9000000192
Sneha_194,9000000193
Anjali_195,9000000194
John_196,9000000195
Michael_197,9000000196
David_198,9000000197
Emma_199,9000000198
Olivia_200,9000000199
Wei_201,9000000200
Li_202,9000000201
Yuki_203,9000000202
Haruto_204,9000000203
Ahmed_205,9000000204
Omar_206,9000000205
Fatima_207,9000000206
Aisha_208,9000000207
Lucas_209,9000000208
Sophia_210,9000000209
Aarav_211,9000000210
Vivaan_212,9000000211
Aditya_213,9000000212
Arjun_214,9000000213
Krishna_215,9000000214
Rohan_216,9000000215
Rahul_217,9000000216
Amit_218,9000000217
Ankit_219,9000000218
Ankur_220,9000000219
Priya_221,9000000220
Pooja_222,9000000221
Neha_223,9000000222
Sneha_224,9000000223
Anjali_225,9000000224
John_226,9000000225
Michael_227,9000000226
David_228,9000000227
Emma_229,9000000228
Olivia_230,9000000229
Wei_231,9000000230
Li_232,9000000231
Yuki_233,9000000232
Haruto_234,9000000233
Ahmed_235,9000000234
Omar_236,9000000235
Fatima_237,9000000236
Aisha_238,9000000237
Lucas_239,9000000238
Sophia_240,9000000239
Aarav_241,9000000240
Vivaan_242,9000000241
Aditya_243,9000000242
Arjun_244,9000000243
Krishna_245,9000000244
Rohan_246,9000000245
Rahul_247,9000000246
Amit_248,9000000247
Ankit_249,9000000248
Ankur_250,9000000249
Priya_251,9000000250
Pooja_252,9000000251
Neha_253,9000000252
Sneha_254,9000000253
Anjali_255,9000000254
John_256,9000000255
Michael_257,9000000256
David_258,9000000257
Emma_259,9000000258
Olivia_260,9000000259
Wei_261,9000000260
Li_262,9000000261
Yuki_263,9000000262
Haruto_264,9000000263
Ahmed_265,9000000264
Omar_266,9000000265
Fatima_267,9000000266
Aisha_268,9000000267
Lucas_269,9000000268
Sophia_270,9000000269
Aarav_271,9000000270
Vivaan_272,9000000271
Aditya_273,9000000272
Arjun_274,9000000273
Krishna_275,9000000274
Rohan_276,9000000275
Rahul_277,9000000276
Amit_278,9000000277
Ankit_279,9000000278
Ankur_280,9000000279
Priya_281,9000000280
Pooja_282,9000000281
Neha_283,9000000282
Sneha_284,9000000283
Anjali_285,9000000284
John_286,9000000285
Michael_287,9000000286
David_288,9000000287
Emma_289,9000000288
Olivia_290,9000000289
Wei_291,9000000290
Li_292,9000000291
Yuki_293,9000000292
Haruto_294,9000000293
Ahmed_295,9000000294
Omar_296,9000000295
Fatima_297,9000000296
Aisha_298,9000000297
Lucas_299,9000000298
Sophia_300,9000000299
Aarav_301,9000000300
Vivaan_302,9000000301
Aditya_303,9000000302
Arjun_304,9000000303
Krishna_305,9000000304
Rohan_306,9000000305
Rahul_307,9000000306
Amit_308,9000000307
Ankit_309,9000000308
Ankur_310,9000000309
Priya_311,9000000310
Pooja_312,9000000311
Neha_313,9000000312
Sneha_314,9000000313
Anjali_315,9000000314
John_316,9000000315
Michael_317,9000000316
David_318,9000000317
Emma_319,9000000318
Olivia_320,9000000319
Wei_321,9000000320
Li_322,9000000321
Yuki_323,9000000322
Haruto_324,9000000323
Ahmed_325,9000000324
Omar_326,9000000325
Fatima_327,9000000326
Aisha_328,9000000327
Lucas_329,9000000328
Sophia_330,9000000329
Aarav_331,9000000330
Vivaan_332,9000000331
Aditya_333,9000000332
Arjun_334,9000000333
Krishna_335,9000000334
Rohan_336,9000000335
Rahul_337,9000000336
Amit_338,9000000337
Ankit_339,9000000338
Ankur_340,9000000339
Priya_341,9000000340
Pooja_342,9000000341
Neha_343,9000000342
Sneha_344,9000000343
Anjali_345,9000000344
John_346,9000000345
Michael_347,9000000346
David_348,9000000347
Emma_349,9000000348
Olivia_350,9000000349
Wei_351,9000000350
Li_352,9000000351
Yuki_353,9000000352
Haruto_354,9000000353
Ahmed_355,9000000354
Omar_356,9000000355
Fatima_357,9000000356
Aisha_358,9000000357
Lucas_359,9000000358
Sophia_360,9000000359
Aarav_361,9000000360
Vivaan_362,9000000361
Aditya_363,9000000362
Arjun_364,9000000363
Krishna_365,9000000364
Rohan_366,9000000365
Rahul_367,9000000366
Amit_368,9000000367
Ankit_369,9000000368
Ankur_370,9000000369
Priya_371,9000000370
Pooja_372,9000000371
Neha_373,9000000372
Sneha_374,9000000373
Anjali_375,9000000374
John_376,9000000375
Michael_377,9000000376
David_378,9000000377
Emma_379,9000000378
Olivia_380,9000000379
Wei_381,9000000380
Li_382,9000000381
Yuki_383,9000000382
Haruto_384,9000000383
Ahmed_385,9000000384
Omar_386,9000000385
Fatima_387,9000000386
Aisha_388,9000000387
Lucas_389,9000000388
Sophia_390,9000000389
Aarav_391,9000000390
Vivaan_392,9000000391
Aditya_393,9000000392
Arjun_394,9000000393
Krishna_395,9000000394
Rohan_396,9000000395
Rahul_397,9000000396
Amit_398,9000000397
Ankit_399,9000000398
Ankur_400,9000000399
Priya_401,9000000400
Pooja_402,9000000401
Neha_403,9000000402
Sneha_404,9000000403
Anjali_405,9000000404
John_406,9000000405
Michael_407,9000000406
David_408,9000000407
Emma_409,9000000408
Olivia_410,9000000409
Wei_411,9000000410
Li_412,9000000411
Yuki_413,9000000412
Haruto_414,9000000413
Ahmed_415,9000000414
Omar_416,9000000415
Fatima_417,9000000416
Aisha_418,9000000417
Lucas_419,9000000418
Sophia_420,9000000419
Aarav_421,9000000420
Vivaan_422,9000000421
Aditya_423,9000000422
Arjun_424,9000000423
Krishna_425,9000000424
Rohan_426,9000000425
Rahul_427,9000000426
Amit_428,9000000427
Ankit_429,9000000428
Ankur_430,9000000429
Priya_431,9000000430
Pooja_432,9000000431
Neha_433,9000000432
Sneha_434,9000000433
Anjali_435,9000000434
John_436,9000000435
Michael_437,9000000436
David_438,9000000437
Emma_439,9000000438
Olivia_440,9000000439
Wei_441,9000000440
Li_442,9000000441
Yuki_443,9000000442
Haruto_444,9000000443
Ahmed_445,9000000444
Omar_446,9000000445
Fatima_447,9000000446
Aisha_448,9000000447
Lucas_449,9000000448
Sophia_450,9000000449
Aarav_451,9000000450
Vivaan_452,9000000451
Aditya_453,9000000452
Arjun_454,9000000453
Krishna_455,9000000454
Rohan_456,9000000455
Rahul_457,9000000456
Amit_458,9000000457
Ankit_459,9000000458
Ankur_460,9000000459
Priya_461,9000000460
Pooja_462,9000000461
Neha_463,9000000462
Sneha_464,9000000463
Anjali_465,9000000464
John_466,9000000465
Michael_467,9000000466
David_468,9000000467
Emma_469,9000000468
Olivia_470,9000000469
Wei_471,9000000470
Li_472,9000000471
Yuki_473,9000000472
Haruto_474,9000000473
Ahmed_475,9000000474
Omar_476,9000000475
Fatima_477,9000000476
Aisha_478,9000000477
Lucas_479,9000000478
Sophia_480,9000000479
Aarav_481,9000000480
Vivaan_482,9000000481
Aditya_483,9000000482
Arjun_484,9000000483
Krishna_485,9000000484
Rohan_486,9000000485
Rahul_487,9000000486
Amit_488,9000000487
Ankit_489,9000000488
Ankur_490,9000000489
Priya_491,9000000490
Pooja_492,9000000491
Neha_493,9000000492
Sneha_494,9000000493
Anjali_495,9000000494
John_496,9000000495
Michael_497,9000000496
David_498,9000000497
Emma_499,9000000498
Olivia_500,9000000499
Wei_501,9000000500
Li_502,9000000501
Yuki_503,9000000502
Haruto_504,9000000503
Ahmed_505,9000000504
Omar_506,9000000505
Fatima_507,9000000506
Aisha_508,9000000507
Lucas_509,9000000508
Sophia_510,9000000509
Aarav_511,9000000510
Vivaan_512,9000000511
Aditya_513,9000000512
Arjun_514,9000000513
Krishna_515,9000000514
Rohan_516,9000000515
Rahul_517,9000000516
Amit_518,9000000517
Ankit_519,9000000518
Ankur_520,9000000519
Priya_521,9000000520
Pooja_522,9000000521
Neha_523,9000000522
Sneha_524,9000000523
Anjali_525,9000000524
John_526,9000000525
Michael_527,9000000526
David_528,9000000527
Emma_529,9000000528
Olivia_530,9000000529
Wei_531,9000000530
Li_532,9000000531
Yuki_533,9000000532
Haruto_534,9000000533
Ahmed_535,9000000534
Omar_536,9000000535
Fatima_537,9000000536
Aisha_538,9000000537
Lucas_539,9000000538
Sophia_540,9000000539
Aarav_541,9000000540
Vivaan_542,9000000541
Aditya_543,9000000542
Arjun_544,9000000543
Krishna_545,9000000544
Rohan_546,9000000545
Rahul_547,9000000546
Amit_548,9000000547
Ankit_549,9000000548
Ankur_550,9000000549
Priya_551,9000000550
Pooja_552,9000000551
Neha_553,9000000552
Sneha_554,9000000553
Anjali_555,9000000554
John_556,9000000555
Michael_557,9000000556
David_558,9000000557
Emma_559,9000000558
Olivia_560,9000000559
Wei_561,9000000560
Li_562,9000000561
Yuki_563,9000000562
Haruto_564,9000000563
Ahmed_565,9000000564
Omar_566,9000000565
Fatima_567,9000000566
Aisha_568,9000000567
Lucas_569,9000000568
Sophia_570,9000000569
Aarav_571,9000000570
Vivaan_572,9000000571
Aditya_573,9000000572
Arjun_574,9000000573
Krishna_575,9000000574
Rohan_576,9000000575
Rahul_577,9000000576
Amit_578,9000000577
Ankit_579,9000000578
Ankur_580,9000000579
Priya_581,9000000580
Pooja_582,9000000581
Neha_583,9000000582
Sneha_584,9000000583
Anjali_585,9000000584
John_586,9000000585
Michael_587,9000000586
David_588,9000000587
Emma_589,9000000588
Olivia_590,9000000589
Wei_591,9000000590
Li_592,9000000591
Yuki_593,9000000592
Haruto_594,9000000593
Ahmed_595,9000000594
Omar_596,9000000595
Fatima_597,9000000596
Aisha_598,9000000597
Lucas_599,9000000598
Sophia_600,9000000599
Aarav_601,9000000600
Vivaan_602,9000000601
Aditya_603,9000000602
Arjun_604,9000000603
Krishna_605,9000000604
Rohan_606,9000000605
Rahul_607,9000000606
Amit_608,9000000607
Ankit_609,9000000608
Ankur_610,9000000609
Priya_611,9000000610
Pooja_612,9000000611
Neha_613,9000000612
Sneha_614,9000000613
Anjali_615,9000000614
John_616,9000000615
Michael_617,9000000616
David_618,9000000617
Emma_619,9000000618
Olivia_620,9000000619
Wei_621,9000000620
Li_622,9000000621
Yuki_623,9000000622
Haruto_624,9000000623
Ahmed_625,9000000624
Omar_626,9000000625
Fatima_627,9000000626
Aisha_628,9000000627
Lucas_629,9000000628
Sophia_630,9000000629
Aarav_631,9000000630
Vivaan_632,9000000631
Aditya_633,9000000632
Arjun_634,9000000633
Krishna_635,9000000634
Rohan_636,9000000635
Rahul_637,9000000636
Amit_638,9000000637
Ankit_639,9000000638
Ankur_640,9000000639
Priya_641,9000000640
Pooja_642,9000000641
Neha_643,9000000642
Sneha_644,9000000643
Anjali_645,9000000644
John_646,9000000645
Michael_647,9000000646
David_648,9000000647
Emma_649,9000000648
Olivia_650,9000000649
Wei_651,9000000650
Li_652,9000000651
Yuki_653,9000000652
Haruto_654,9000000653
Ahmed_655,9000000654
Omar_656,9000000655
Fatima_657,9000000656
Aisha_658,9000000657
Lucas_659,9000000658
Sophia_660,9000000659
Aarav_661,9000000660
Vivaan_662,9000000661
Aditya_663,9000000662
Arjun_664,9000000663
Krishna_665,9000000664
Rohan_666,9000000665
Rahul_667,9000000666
Amit_668,9000000667
Ankit_669,9000000668
Ankur_670,9000000669
Priya_671,9000000670
Pooja_672,9000000671
Neha_673,9000000672
Sneha_674,9000000673
Anjali_675,9000000674
John_676,9000000675
Michael_677,9000000676
David_678,9000000677
Emma_679,9000000678
Olivia_680,9000000679
Wei_681,9000000680
Li_682,9000000681
Yuki_683,9000000682
Haruto_684,9000000683
Ahmed_685,9000000684
Omar_686,9000000685
Fatima_687,9000000686
Aisha_688,9000000687
Lucas_689,9000000688
Sophia_690,9000000689
Aarav_691,9000000690
Vivaan_692,9000000691
Aditya_693,9000000692
Arjun_694,9000000693
Krishna_695,9000000694
Rohan_696,9000000695
Rahul_697,9000000696
Amit_698,9000000697
Ankit_699,9000000698
Ankur_700,9000000699
Priya_701,9000000700
Pooja_702,9000000701
Neha_703,9000000702
Sneha_704,9000000703
Anjali_705,9000000704
John_706,9000000705
Michael_707,9000000706
David_708,9000000707
Emma_709,9000000708
Olivia_710,9000000709
Wei_711,9000000710
Li_712,9000000711
Yuki_713,9000000712
Haruto_714,9000000713
Ahmed_715,9000000714
Omar_716,9000000715
Fatima_717,9000000716
Aisha_718,9000000717
Lucas_719,9000000718
Sophia_720,9000000719
Aarav_721,9000000720
Vivaan_722,9000000721
Aditya_723,9000000722
Arjun_724,9000000723
Krishna_725,9000000724
Rohan_726,9000000725
Rahul_727,9000000726
Amit_728,9000000727
Ankit_729,9000000728
Ankur_730,9000000729
Priya_731,9000000730
Pooja_732,9000000731
Neha_733,9000000732
Sneha_734,9000000733
Anjali_735,9000000734
John_736,9000000735
Michael_737,9000000736
David_738,9000000737
Emma_739,9000000738
Olivia_740,9000000739
Wei_741,9000000740
Li_742,9000000741
Yuki_743,9000000742
Haruto_744,9000000743
Ahmed_745,9000000744
Omar_746,9000000745
Fatima_747,9000000746
Aisha_748,9000000747
Lucas_749,9000000748
Sophia_750,9000000749
Aarav_751,9000000750
Vivaan_752,9000000751
Aditya_753,9000000752
Arjun_754,9000000753
Krishna_755,9000000754
Rohan_756,9000000755
Rahul_757,9000000756
Amit_758,9000000757
Ankit_759,9000000758
Ankur_760,9000000759
Priya_761,9000000760
Pooja_762,9000000761
Neha_763,9000000762
Sneha_764,9000000763
Anjali_765,9000000764
John_766,9000000765
Michael_767,9000000766
David_768,9000000767
Emma_769,9000000768
Olivia_770,9000000769
Wei_771,9000000770
Li_772,9000000771
Yuki_773,9000000772
Haruto_774,9000000773
Ahmed_775,9000000774
Omar_776,9000000775
Fatima_777,9000000776
Aisha_778,9000000777
Lucas_779,9000000778
Sophia_780,9000000779
Aarav_781,9000000780
Vivaan_782,9000000781
Aditya_783,9000000782
Arjun_784,9000000783
Krishna_785,9000000784
Rohan_786,9000000785
Rahul_787,9000000786
Amit_788,9000000787
Ankit_789,9000000788
Ankur_790,9000000789
Priya_791,9000000790
Pooja_792,9000000791
Neha_793,9000000792
Sneha_794,9000000793
Anjali_795,9000000794
John_796,9000000795
Michael_797,9000000796
David_798,9000000797
Emma_799,9000000798
Olivia_800,9000000799
Wei_801,9000000800
Li_802,9000000801
Yuki_803,9000000802
Haruto_804,9000000803
Ahmed_805,9000000804
Omar_806,9000000805
Fatima_807,9000000806
Aisha_808,9000000807
Lucas_809,9000000808
Sophia_810,9000000809
Aarav_811,9000000810
Vivaan_812,9000000811
Aditya_813,9000000812
Arjun_814,9000000813
Krishna_815,9000000814
Rohan_816,9000000815
Rahul_817,9000000816
Amit_818,9000000817
Ankit_819,9000000818
Ankur_820,9000000819
Priya_821,9000000820
Pooja_822,9000000821
Neha_823,9000000822
Sneha_824,9000000823
Anjali_825,9000000824
John_826,9000000825
Michael_827,9000000826
David_828,9000000827
Emma_829,9000000828
Olivia_830,9000000829
Wei_831,9000000830
Li_832,9000000831
Yuki_833,9000000832
Haruto_834,9000000833
Ahmed_835,9000000834
Omar_836,9000000835
Fatima_837,9000000836
Aisha_838,9000000837
Lucas_839,9000000838
Sophia_840,9000000839
Aarav_841,9000000840
Vivaan_842,9000000841
Aditya_843,9000000842
Arjun_844,9000000843
Krishna_845,9000000844
Rohan_846,9000000845
Rahul_847,9000000846
Amit_848,9000000847
Ankit_849,9000000848
Ankur_850,9000000849
Priya_851,9000000850
Pooja_852,9000000851
Neha_853,9000000852
Sneha_854,9000000853
Anjali_855,9000000854
John_856,9000000855
Michael_857,9000000856
David_858,9000000857
Emma_859,9000000858
Olivia_860,9000000859
Wei_861,9000000860
Li_862,9000000861
Yuki_863,9000000862
Haruto_864,9000000863
Ahmed_865,9000000864
Omar_866,9000000865
Fatima_867,9000000866
Aisha_868,9000000867
Lucas_869,9000000868
Sophia_870,9000000869
Aarav_871,9000000870
Vivaan_872,9000000871
Aditya_873,9000000872
Arjun_874,9000000873
Krishna_875,9000000874
Rohan_876,9000000875
Rahul_877,9000000876
Amit_878,9000000877
Ankit_879,9000000878
Ankur_880,9000000879
Priya_881,9000000880
Pooja_882,9000000881
Neha_883,9000000882
Sneha_884,9000000883
Anjali_885,9000000884
John_886,9000000885
Michael_887,9000000886
David_888,9000000887
Emma_889,9000000888
Olivia_890,9000000889
Wei_891,9000000890
Li_892,9000000891
Yuki_893,9000000892
Haruto_894,9000000893
Ahmed_895,9000000894
Omar_896,9000000895
Fatima_897,9000000896
Aisha_898,9000000897
Lucas_899,9000000898
Sophia_900,9000000899
Aarav_901,9000000900
Vivaan_902,9000000901
Aditya_903,9000000902
Arjun_904,9000000903
Krishna_905,9000000904
Rohan_906,9000000905
Rahul_907,9000000906
Amit_908,9000000907
Ankit_909,9000000908
Ankur_910,9000000909
Priya_911,9000000910
Pooja_912,9000000911
Neha_913,9000000912
Sneha_914,9000000913
Anjali_915,9000000914
John_916,9000000915
Michael_917,9000000916
David_918,9000000917
Emma_919,9000000918
Olivia_920,9000000919
Wei_921,9000000920
Li_922,9000000921
Yuki_923,9000000922
Haruto_924,9000000923
Ahmed_925,9000000924
Omar_926,9000000925
Fatima_927,9000000926
Aisha_928,9000000927
Lucas_929,9000000928
Sophia_930,9000000929
Aarav_931,9000000930
Vivaan_932,9000000931
Aditya_933,9000000932
Arjun_934,9000000933
Krishna_935,9000000934
Rohan_936,9000000935
Rahul_937,9000000936
Amit_938,9000000937
Ankit_939,9000000938
Ankur_940,9000000939
Priya_941,9000000940
Pooja_942,9000000941
Neha_943,9000000942
Sneha_944,9000000943
Anjali_945,9000000944
John_946,9000000945
Michael_947,9000000946
David_948,9000000947
Emma_949,9000000948
Olivia_950,9000000949
Wei_951,9000000950
Li_952,9000000951
Yuki_953,9000000952
Haruto_954,9000000953
Ahmed_955,9000000954
Omar_956,9000000955
Fatima_957,9000000956
Aisha_958,9000000957
Lucas_959,9000000958
Sophia_960,9000000959
Aarav_961,9000000960
Vivaan_962,9000000961
Aditya_963,9000000962
Arjun_964,9000000963
Krishna_965,9000000964
Rohan_966,9000000965
Rahul_967,9000000966
Amit_968,9000000967
Ankit_969,9000000968
Ankur_970,9000000969
Priya_971,9000000970
Pooja_972,9000000971
Neha_973,9000000972
Sneha_974,9000000973
Anjali_975,9000000974
John_976,9000000975
Michael_977,9000000976
David_978,9000000977
Emma_979,9000000978
Olivia_980,9000000979
Wei_981,9000000980
Li_982,9000000981
Yuki_983,9000000982
Haruto_984,9000000983
Ahmed_985,9000000984
Omar_986,9000000985
Fatima_987,9000000986
Aisha_988,9000000987
Lucas_989,9000000988
Sophia_990,9000000989
Aarav_991,9000000990
Vivaan_992,9000000991
Aditya_993,9000000992
Arjun_994,9000000993
Krishna_995,9000000994
Rohan_996,9000000995
Rahul_997,9000000996
Amit_998,9000000997
Ankit_999,9000000998
Ankur_1000,9000000999
